Index,KernelName,gpu-id,queue-id,queue-index,pid,tid,grd,wgr,lds,scr,arch_vgpr,accum_vgpr,sgpr,wave_size,sig,obj,SQ_LDS_BANK_CONFLICT
0,"void at::native::(anonymous namespace)::distribution_elementwise_grid_stride_kernel<float, 4, at::native::templates::cuda::normal_and_transform<c10::BFloat16, float, at::CUDAGeneratorImpl*, at::native::templates::cuda::normal_kernel<at::CUDAGeneratorImpl*>(at::TensorBase const&, double, double, at::CUDAGeneratorImpl*)::{lambda()#1}::operator()() const::{lambda()#4}::operator()() const::{lambda(float)#1}>(at::TensorIteratorBase&, at::CUDAGeneratorImpl*, at::native::templates::cuda::normal_kernel<at::CUDAGeneratorImpl*>(at::TensorBase const&, double, double, at::CUDAGeneratorImpl*)::{lambda()#1}::operator()() const::{lambda()#4}::operator()() const::{lambda(float)#1})::{lambda(hiprandStatePhilox4_32_10*)#2}, at::native::(anonymous namespace)::distribution_nullary_kernel<c10::BFloat16, float, HIP_vector_type<float, 4u>, at::CUDAGeneratorImpl*, at::native::templates::cuda::normal_and_transform<c10::BFloat16, float, at::CUDAGeneratorImpl*, at::native::templates::cuda::normal_kernel<at::CUDAGeneratorImpl*>(at::TensorBase const&, double, double, at::CUDAGeneratorImpl*)::{lambda()#1}::operator()() const::{lambda()#4}::operator()() const::{lambda(float)#1}>(at::TensorIteratorBase&, at::CUDAGeneratorImpl*, at::native::templates::cuda::normal_kernel<at::CUDAGeneratorImpl*>(at::TensorBase const&, double, double, at::CUDAGeneratorImpl*)::{lambda()#1}::operator()() const::{lambda()#4}::operator()() const::{lambda(float)#1})::{lambda(hiprandStatePhilox4_32_10*)#2}, at::native::templates::cuda::normal_kernel<at::CUDAGeneratorImpl*>(at::TensorBase const&, double, double, at::CUDAGeneratorImpl*)::{lambda()#1}::operator()() const::{lambda()#4}::operator()() const::{lambda(float)#1}>(at::TensorIteratorBase&, at::CUDAGeneratorImpl*, at::native::templates::cuda::normal_and_transform<c10::BFloat16, float, at::CUDAGeneratorImpl*, at::native::templates::cuda::normal_kernel<at::CUDAGeneratorImpl*>(at::TensorBase const&, double, double, at::CUDAGeneratorImpl*)::{lambda()#1}::operator()() const::{lambda()#4}::operator()() const::{lambda(float)#1}>(at::TensorIteratorBase&, at::CUDAGeneratorImpl*, at::native::templates::cuda::normal_kernel<at::CUDAGeneratorImpl*>(at::TensorBase const&, double, double, at::CUDAGeneratorImpl*)::{lambda()#1}::operator()() const::{lambda()#4}::operator()() const::{lambda(float)#1})::{lambda(hiprandStatePhilox4_32_10*)#2} const&, at::native::templates::cuda::normal_kernel<at::CUDAGeneratorImpl*>(at::TensorBase const&, double, double, at::CUDAGeneratorImpl*)::{lambda()#1}::operator()() const::{lambda()#4}::operator()() const::{lambda(float)#1})::{lambda(int, float)#1}>(long, at::PhiloxCudaState, at::native::templates::cuda::normal_and_transform<c10::BFloat16, float, at::CUDAGeneratorImpl*, at::native::templates::cuda::normal_kernel<at::CUDAGeneratorImpl*>(at::TensorBase const&, double, double, at::CUDAGeneratorImpl*)::{lambda()#1}::operator()() const::{lambda()#4}::operator()() const::{lambda(float)#1}>(at::TensorIteratorBase&, at::CUDAGeneratorImpl*, at::native::templates::cuda::normal_kernel<at::CUDAGeneratorImpl*>(at::TensorBase const&, double, double, at::CUDAGeneratorImpl*)::{lambda()#1}::operator()() const::{lambda()#4}::operator()() const::{lambda(float)#1})::{lambda(hiprandStatePhilox4_32_10*)#2}, at::native::(anonymous namespace)::distribution_nullary_kernel<c10::BFloat16, float, HIP_vector_type<float, 4u>, at::CUDAGeneratorImpl*, at::native::templates::cuda::normal_and_transform<c10::BFloat16, float, at::CUDAGeneratorImpl*, at::native::templates::cuda::normal_kernel<at::CUDAGeneratorImpl*>(at::TensorBase const&, double, double, at::CUDAGeneratorImpl*)::{lambda()#1}::operator()() const::{lambda()#4}::operator()() const::{lambda(float)#1}>(at::TensorIteratorBase&, at::CUDAGeneratorImpl*, at::native::templates::cuda::normal_kernel<at::CUDAGeneratorImpl*>(at::TensorBase const&, double, double, at::CUDAGeneratorImpl*)::{lambda()#1}::operator()() const::{lambda()#4}::operator()() const::{lambda(float)#1})::{lambda(hiprandStatePhilox4_32_10*)#2}, at::native::templates::cuda::normal_kernel<at::CUDAGeneratorImpl*>(at::TensorBase const&, double, double, at::CUDAGeneratorImpl*)::{lambda()#1}::operator()() const::{lambda()#4}::operator()() const::{lambda(float)#1}>(at::TensorIteratorBase&, at::CUDAGeneratorImpl*, at::native::templates::cuda::normal_and_transform<c10::BFloat16, float, at::CUDAGeneratorImpl*, at::native::templates::cuda::normal_kernel<at::CUDAGeneratorImpl*>(at::TensorBase const&, double, double, at::CUDAGeneratorImpl*)::{lambda()#1}::operator()() const::{lambda()#4}::operator()() const::{lambda(float)#1}>(at::TensorIteratorBase&, at::CUDAGeneratorImpl*, at::native::templates::cuda::normal_kernel<at::CUDAGeneratorImpl*>(at::TensorBase const&, double, double, at::CUDAGeneratorImpl*)::{lambda()#1}::operator()() const::{lambda()#4}::operator()() const::{lambda(float)#1})::{lambda(hiprandStatePhilox4_32_10*)#2} const&, at::native::templates::cuda::normal_kernel<at::CUDAGeneratorImpl*>(at::TensorBase const&, double, double, at::CUDAGeneratorImpl*)::{lambda()#1}::operator()() const::{lambda()#4}::operator()() const::{lambda(float)#1})::{lambda(int, float)#1}) [clone .kd]",1,0,0,80641,80641,622592,256,0,0,56,0,48,64,0x0,0x77003cb8bf80,0
1,"void at::native::(anonymous namespace)::distribution_elementwise_grid_stride_kernel<float, 4, at::native::templates::cuda::normal_and_transform<c10::BFloat16, float, at::CUDAGeneratorImpl*, at::native::templates::cuda::normal_kernel<at::CUDAGeneratorImpl*>(at::TensorBase const&, double, double, at::CUDAGeneratorImpl*)::{lambda()#1}::operator()() const::{lambda()#4}::operator()() const::{lambda(float)#1}>(at::TensorIteratorBase&, at::CUDAGeneratorImpl*, at::native::templates::cuda::normal_kernel<at::CUDAGeneratorImpl*>(at::TensorBase const&, double, double, at::CUDAGeneratorImpl*)::{lambda()#1}::operator()() const::{lambda()#4}::operator()() const::{lambda(float)#1})::{lambda(hiprandStatePhilox4_32_10*)#2}, at::native::(anonymous namespace)::distribution_nullary_kernel<c10::BFloat16, float, HIP_vector_type<float, 4u>, at::CUDAGeneratorImpl*, at::native::templates::cuda::normal_and_transform<c10::BFloat16, float, at::CUDAGeneratorImpl*, at::native::templates::cuda::normal_kernel<at::CUDAGeneratorImpl*>(at::TensorBase const&, double, double, at::CUDAGeneratorImpl*)::{lambda()#1}::operator()() const::{lambda()#4}::operator()() const::{lambda(float)#1}>(at::TensorIteratorBase&, at::CUDAGeneratorImpl*, at::native::templates::cuda::normal_kernel<at::CUDAGeneratorImpl*>(at::TensorBase const&, double, double, at::CUDAGeneratorImpl*)::{lambda()#1}::operator()() const::{lambda()#4}::operator()() const::{lambda(float)#1})::{lambda(hiprandStatePhilox4_32_10*)#2}, at::native::templates::cuda::normal_kernel<at::CUDAGeneratorImpl*>(at::TensorBase const&, double, double, at::CUDAGeneratorImpl*)::{lambda()#1}::operator()() const::{lambda()#4}::operator()() const::{lambda(float)#1}>(at::TensorIteratorBase&, at::CUDAGeneratorImpl*, at::native::templates::cuda::normal_and_transform<c10::BFloat16, float, at::CUDAGeneratorImpl*, at::native::templates::cuda::normal_kernel<at::CUDAGeneratorImpl*>(at::TensorBase const&, double, double, at::CUDAGeneratorImpl*)::{lambda()#1}::operator()() const::{lambda()#4}::operator()() const::{lambda(float)#1}>(at::TensorIteratorBase&, at::CUDAGeneratorImpl*, at::native::templates::cuda::normal_kernel<at::CUDAGeneratorImpl*>(at::TensorBase const&, double, double, at::CUDAGeneratorImpl*)::{lambda()#1}::operator()() const::{lambda()#4}::operator()() const::{lambda(float)#1})::{lambda(hiprandStatePhilox4_32_10*)#2} const&, at::native::templates::cuda::normal_kernel<at::CUDAGeneratorImpl*>(at::TensorBase const&, double, double, at::CUDAGeneratorImpl*)::{lambda()#1}::operator()() const::{lambda()#4}::operator()() const::{lambda(float)#1})::{lambda(int, float)#1}>(long, at::PhiloxCudaState, at::native::templates::cuda::normal_and_transform<c10::BFloat16, float, at::CUDAGeneratorImpl*, at::native::templates::cuda::normal_kernel<at::CUDAGeneratorImpl*>(at::TensorBase const&, double, double, at::CUDAGeneratorImpl*)::{lambda()#1}::operator()() const::{lambda()#4}::operator()() const::{lambda(float)#1}>(at::TensorIteratorBase&, at::CUDAGeneratorImpl*, at::native::templates::cuda::normal_kernel<at::CUDAGeneratorImpl*>(at::TensorBase const&, double, double, at::CUDAGeneratorImpl*)::{lambda()#1}::operator()() const::{lambda()#4}::operator()() const::{lambda(float)#1})::{lambda(hiprandStatePhilox4_32_10*)#2}, at::native::(anonymous namespace)::distribution_nullary_kernel<c10::BFloat16, float, HIP_vector_type<float, 4u>, at::CUDAGeneratorImpl*, at::native::templates::cuda::normal_and_transform<c10::BFloat16, float, at::CUDAGeneratorImpl*, at::native::templates::cuda::normal_kernel<at::CUDAGeneratorImpl*>(at::TensorBase const&, double, double, at::CUDAGeneratorImpl*)::{lambda()#1}::operator()() const::{lambda()#4}::operator()() const::{lambda(float)#1}>(at::TensorIteratorBase&, at::CUDAGeneratorImpl*, at::native::templates::cuda::normal_kernel<at::CUDAGeneratorImpl*>(at::TensorBase const&, double, double, at::CUDAGeneratorImpl*)::{lambda()#1}::operator()() const::{lambda()#4}::operator()() const::{lambda(float)#1})::{lambda(hiprandStatePhilox4_32_10*)#2}, at::native::templates::cuda::normal_kernel<at::CUDAGeneratorImpl*>(at::TensorBase const&, double, double, at::CUDAGeneratorImpl*)::{lambda()#1}::operator()() const::{lambda()#4}::operator()() const::{lambda(float)#1}>(at::TensorIteratorBase&, at::CUDAGeneratorImpl*, at::native::templates::cuda::normal_and_transform<c10::BFloat16, float, at::CUDAGeneratorImpl*, at::native::templates::cuda::normal_kernel<at::CUDAGeneratorImpl*>(at::TensorBase const&, double, double, at::CUDAGeneratorImpl*)::{lambda()#1}::operator()() const::{lambda()#4}::operator()() const::{lambda(float)#1}>(at::TensorIteratorBase&, at::CUDAGeneratorImpl*, at::native::templates::cuda::normal_kernel<at::CUDAGeneratorImpl*>(at::TensorBase const&, double, double, at::CUDAGeneratorImpl*)::{lambda()#1}::operator()() const::{lambda()#4}::operator()() const::{lambda(float)#1})::{lambda(hiprandStatePhilox4_32_10*)#2} const&, at::native::templates::cuda::normal_kernel<at::CUDAGeneratorImpl*>(at::TensorBase const&, double, double, at::CUDAGeneratorImpl*)::{lambda()#1}::operator()() const::{lambda()#4}::operator()() const::{lambda(float)#1})::{lambda(int, float)#1}) [clone .kd]",1,0,1,80641,80641,622592,256,0,0,56,0,48,64,0x0,0x77003cb8bf80,0
2,"void at::native::vectorized_elementwise_kernel<4, at::native::FillFunctor<float>, std::array<char*, 1ul> >(int, at::native::FillFunctor<float>, std::array<char*, 1ul>) [clone .kd]",1,0,2,80641,80641,4194304,256,0,0,12,4,32,64,0x0,0x76f73c22eb00,0
3,"matmul(std::bfloat16_t*, std::bfloat16_t*, float*) [clone .kd]",1,0,3,80641,80641,1048576,1024,32768,0,104,0,32,64,0x0,0x77006a054600,1879048192
4,"void at::native::vectorized_elementwise_kernel<4, at::native::bfloat16tofloat32_copy_kernel_cuda(at::TensorIteratorBase&)::{lambda(c10::BFloat16)#1}, std::array<char*, 2ul> >(int, at::native::bfloat16tofloat32_copy_kernel_cuda(at::TensorIteratorBase&)::{lambda(c10::BFloat16)#1}, std::array<char*, 2ul>) [clone .kd]",1,0,4,80641,80641,4194304,256,0,0,24,0,32,64,0x0,0x76f703671bc0,0
5,"void at::native::vectorized_elementwise_kernel<4, at::native::bfloat16tofloat32_copy_kernel_cuda(at::TensorIteratorBase&)::{lambda(c10::BFloat16)#1}, std::array<char*, 2ul> >(int, at::native::bfloat16tofloat32_copy_kernel_cuda(at::TensorIteratorBase&)::{lambda(c10::BFloat16)#1}, std::array<char*, 2ul>) [clone .kd]",1,0,5,80641,80641,4194304,256,0,0,24,0,32,64,0x0,0x76f703671bc0,0
6,"__amd_rocclr_fillBufferAligned.kd",1,0,6,80641,80641,77824,256,0,0,12,4,48,64,0x0,0x77003cb53580,0
7,"Cijk_Alik_Bljk_S_B_UserArgs_MT144x256x32_MI16x16x1_SN_LDSB1_AFC0_AFEM8_AFEM8_ASEM32_CLR1_CADS0_DTVA0_DTVB0_EPS0_FDSI0_GRPM1_GRVWA2_GRVWB4_GSUAMB_GLS0_ISA942_IU1_K1_LBSPPA128_LBSPPB128_LBSPPM0_LPA8_LPB8_LPMn1_LRVW4_LWPMn1_MIAV0_MIWT9_4_MO40_NTn1_NTA0_NTB0_NTC0_NTD0_NTM0_NEPBS0_NLCA1_NLCB1_ONLL1_PGR2_PLR1_PKA1_SIA3_SS1_SPO0_SRVW0_SSO0_SVW1_SK0_SKXCCM0_TLDS1_ULSGRO0_USL1_UIOFGRO0_USFGROn1_VSn1_VWA1_VWB1_WSGRA0_WSGRB0_WS64_WG16_16_1.kd",1,0,7,80641,80641,466944,256,64000,0,128,272,96,64,0x0,0x76ff5590f2c0,0
8,"void at::native::elementwise_kernel_manual_unroll<128, 4, at::native::gpu_kernel_impl_nocast<at::native::CUDAFunctor_add<float> >(at::TensorIteratorBase&, at::native::CUDAFunctor_add<float> const&)::{lambda(int, bool)#1}>(int, at::native::gpu_kernel_impl_nocast<at::native::CUDAFunctor_add<float> >(at::TensorIteratorBase&, at::native::CUDAFunctor_add<float> const&)::{lambda(int, bool)#1}) [clone .kd]",1,0,8,80641,80641,16777216,128,0,0,28,4,64,64,0x0,0x76f6d8e64540,0
9,"void at::native::vectorized_elementwise_kernel<4, at::native::AbsFunctor<float>, std::array<char*, 2ul> >(int, at::native::AbsFunctor<float>, std::array<char*, 2ul>) [clone .kd]",1,0,9,80641,80641,4194304,256,0,0,24,0,32,64,0x0,0x76f754115c80,0
10,"void at::native::elementwise_kernel_manual_unroll<128, 4, at::native::gpu_kernel_impl_nocast<at::native::direct_copy_kernel_cuda(at::TensorIteratorBase&)::{lambda()#3}::operator()() const::{lambda()#7}::operator()() const::{lambda(float)#1}>(at::TensorIteratorBase&, at::native::direct_copy_kernel_cuda(at::TensorIteratorBase&)::{lambda()#3}::operator()() const::{lambda()#7}::operator()() const::{lambda(float)#1} const&)::{lambda(int, bool)#1}>(int, at::native::gpu_kernel_impl_nocast<at::native::direct_copy_kernel_cuda(at::TensorIteratorBase&)::{lambda()#3}::operator()() const::{lambda()#7}::operator()() const::{lambda(float)#1}>(at::TensorIteratorBase&, at::native::direct_copy_kernel_cuda(at::TensorIteratorBase&)::{lambda()#3}::operator()() const::{lambda()#7}::operator()() const::{lambda(float)#1} const&)::{lambda(int, bool)#1}) [clone .kd]",1,0,10,80641,80641,16777216,128,0,0,20,4,80,64,0x0,0x76f703675b00,0
11,"__amd_rocclr_fillBufferAligned.kd",1,0,11,80641,80641,256,256,0,0,12,4,48,64,0x0,0x77003cb53580,0
12,"void at::native::reduce_kernel<512, 1, at::native::ReduceOp<float, at::native::func_wrapper_t<float, at::native::MaxNanFunctor<float> >, unsigned int, float, 4, 4> >(at::native::ReduceOp<float, at::native::func_wrapper_t<float, at::native::MaxNanFunctor<float> >, unsigned int, float, 4, 4>) [clone .kd]",1,0,12,80641,80641,155648,512,2560,0,28,4,80,64,0x0,0x76f6d82185c0,0
13,"__amd_rocclr_copyBuffer.kd",1,0,13,80641,80641,512,512,0,0,16,0,32,64,0x76ff563ff680,0x77003cb53600,0
14,"void at::native::elementwise_kernel_manual_unroll<128, 4, at::native::gpu_kernel_impl_nocast<at::native::CUDAFunctor_add<float> >(at::TensorIteratorBase&, at::native::CUDAFunctor_add<float> const&)::{lambda(int, bool)#1}>(int, at::native::gpu_kernel_impl_nocast<at::native::CUDAFunctor_add<float> >(at::TensorIteratorBase&, at::native::CUDAFunctor_add<float> const&)::{lambda(int, bool)#1}) [clone .kd]",1,0,14,80641,80641,16777216,128,0,0,28,4,64,64,0x0,0x76f6d8e64540,0
15,"void at::native::vectorized_elementwise_kernel<4, at::native::AbsFunctor<float>, std::array<char*, 2ul> >(int, at::native::AbsFunctor<float>, std::array<char*, 2ul>) [clone .kd]",1,0,15,80641,80641,4194304,256,0,0,24,0,32,64,0x0,0x76f754115c80,0
16,"__amd_rocclr_fillBufferAligned.kd",1,0,16,80641,80641,256,256,0,0,12,4,48,64,0x0,0x77003cb53580,0
17,"void at::native::reduce_kernel<512, 1, at::native::ReduceOp<float, at::native::MeanOps<float, float, float, float>, unsigned int, float, 4, 4> >(at::native::ReduceOp<float, at::native::MeanOps<float, float, float, float>, unsigned int, float, 4, 4>) [clone .kd]",1,0,17,80641,80641,155648,512,2560,0,28,4,80,64,0x0,0x76f6d7e17f80,0
18,"__amd_rocclr_copyBuffer.kd",1,0,18,80641,80641,512,512,0,0,16,0,32,64,0x76ff563ff600,0x77003cb53600,0
19,"void at::native::elementwise_kernel_manual_unroll<128, 8, at::native::gpu_kernel_impl_nocast<at::native::BinaryFunctor<float, float, bool, at::native::(anonymous namespace)::CompareEqFunctor<float> > >(at::TensorIteratorBase&, at::native::BinaryFunctor<float, float, bool, at::native::(anonymous namespace)::CompareEqFunctor<float> > const&)::{lambda(int, bool)#1}>(int, at::native::gpu_kernel_impl_nocast<at::native::BinaryFunctor<float, float, bool, at::native::(anonymous namespace)::CompareEqFunctor<float> > >(at::TensorIteratorBase&, at::native::BinaryFunctor<float, float, bool, at::native::(anonymous namespace)::CompareEqFunctor<float> > const&)::{lambda(int, bool)#1}) [clone .kd]",1,0,19,80641,80641,8388608,128,0,0,52,4,64,64,0x0,0x76f6d76703c0,0
20,"void at::native::vectorized_elementwise_kernel<4, at::native::AUnaryFunctor<float, float, float, at::native::binary_internal::MulFunctor<float> >, std::array<char*, 2ul> >(int, at::native::AUnaryFunctor<float, float, float, at::native::binary_internal::MulFunctor<float> >, std::array<char*, 2ul>) [clone .kd]",1,0,20,80641,80641,4194304,256,0,0,24,0,32,64,0x0,0x76f6d6c4a280,0
21,"void at::native::vectorized_elementwise_kernel<4, at::native::AbsFunctor<float>, std::array<char*, 2ul> >(int, at::native::AbsFunctor<float>, std::array<char*, 2ul>) [clone .kd]",1,0,21,80641,80641,4194304,256,0,0,24,0,32,64,0x0,0x76f754115c80,0
22,"void at::native::vectorized_elementwise_kernel<4, at::native::CUDAFunctorOnSelf_add<float>, std::array<char*, 2ul> >(int, at::native::CUDAFunctorOnSelf_add<float>, std::array<char*, 2ul>) [clone .kd]",1,0,22,80641,80641,4194304,256,0,0,28,4,32,64,0x0,0x76f6d8e64280,0
23,"void at::native::elementwise_kernel_manual_unroll<128, 4, at::native::gpu_kernel_impl_nocast<at::native::CUDAFunctor_add<float> >(at::TensorIteratorBase&, at::native::CUDAFunctor_add<float> const&)::{lambda(int, bool)#1}>(int, at::native::gpu_kernel_impl_nocast<at::native::CUDAFunctor_add<float> >(at::TensorIteratorBase&, at::native::CUDAFunctor_add<float> const&)::{lambda(int, bool)#1}) [clone .kd]",1,0,23,80641,80641,16777216,128,0,0,28,4,64,64,0x0,0x76f6d8e64540,0
24,"void at::native::vectorized_elementwise_kernel<4, at::native::AbsFunctor<float>, std::array<char*, 2ul> >(int, at::native::AbsFunctor<float>, std::array<char*, 2ul>) [clone .kd]",1,0,24,80641,80641,4194304,256,0,0,24,0,32,64,0x0,0x76f754115c80,0
25,"void at::native::vectorized_elementwise_kernel<4, at::native::AbsFunctor<float>, std::array<char*, 2ul> >(int, at::native::AbsFunctor<float>, std::array<char*, 2ul>) [clone .kd]",1,0,25,80641,80641,4194304,256,0,0,24,0,32,64,0x0,0x76f754115c80,0
26,"void at::native::vectorized_elementwise_kernel<4, at::native::AUnaryFunctor<float, float, bool, at::native::(anonymous namespace)::CompareEqFunctor<float> >, std::array<char*, 2ul> >(int, at::native::AUnaryFunctor<float, float, bool, at::native::(anonymous namespace)::CompareEqFunctor<float> >, std::array<char*, 2ul>) [clone .kd]",1,0,26,80641,80641,4194304,256,0,0,24,0,32,64,0x0,0x76f6d7670500,0
27,"void at::native::vectorized_elementwise_kernel<4, at::native::BinaryFunctor<float, float, bool, at::native::(anonymous namespace)::CompareEqFunctor<float> >, std::array<char*, 3ul> >(int, at::native::BinaryFunctor<float, float, bool, at::native::(anonymous namespace)::CompareEqFunctor<float> >, std::array<char*, 3ul>) [clone .kd]",1,0,27,80641,80641,4194304,256,0,0,40,0,32,64,0x0,0x76f6d7670300,0
28,"void at::native::vectorized_elementwise_kernel<16, at::native::BinaryFunctor<bool, bool, bool, at::native::binary_internal::MulFunctor<bool> >, std::array<char*, 3ul> >(int, at::native::BinaryFunctor<bool, bool, bool, at::native::binary_internal::MulFunctor<bool> >, std::array<char*, 3ul>) [clone .kd]",1,0,28,80641,80641,4194304,256,0,0,36,4,80,64,0x0,0x76f6d6c4b400,0
29,"void at::native::elementwise_kernel_manual_unroll<128, 8, at::native::gpu_kernel_impl_nocast<at::native::(anonymous namespace)::CompareFunctor<float> >(at::TensorIteratorBase&, at::native::(anonymous namespace)::CompareFunctor<float> const&)::{lambda(int, bool)#1}>(int, at::native::gpu_kernel_impl_nocast<at::native::(anonymous namespace)::CompareFunctor<float> >(at::TensorIteratorBase&, at::native::(anonymous namespace)::CompareFunctor<float> const&)::{lambda(int, bool)#1}) [clone .kd]",1,0,29,80641,80641,8388608,128,0,0,52,4,64,64,0x0,0x76f6b6032040,0
30,"void at::native::vectorized_elementwise_kernel<16, at::native::BinaryFunctor<bool, bool, bool, at::native::BitwiseAndFunctor<bool> >, std::array<char*, 3ul> >(int, at::native::BinaryFunctor<bool, bool, bool, at::native::BitwiseAndFunctor<bool> >, std::array<char*, 3ul>) [clone .kd]",1,0,30,80641,80641,4194304,256,0,0,36,4,80,64,0x0,0x76f6b5854b00,0
31,"void at::native::vectorized_elementwise_kernel<16, at::native::BinaryFunctor<bool, bool, bool, at::native::BitwiseOrFunctor<bool> >, std::array<char*, 3ul> >(int, at::native::BinaryFunctor<bool, bool, bool, at::native::BitwiseOrFunctor<bool> >, std::array<char*, 3ul>) [clone .kd]",1,0,31,80641,80641,4194304,256,0,0,36,4,32,64,0x0,0x76f6b5856300,0
32,"__amd_rocclr_fillBufferAligned.kd",1,0,32,80641,80641,256,256,0,0,12,4,48,64,0x0,0x77003cb53580,0
33,"void at::native::reduce_kernel<512, 1, at::native::ReduceOp<bool, at::native::func_wrapper_t<bool, at::native::and_kernel_cuda(at::TensorIterator&)::{lambda()#1}::operator()() const::{lambda()#12}::operator()() const::{lambda(bool, bool)#1}>, unsigned int, bool, 4, 4> >(at::native::ReduceOp<bool, at::native::func_wrapper_t<bool, at::native::and_kernel_cuda(at::TensorIterator&)::{lambda()#1}::operator()() const::{lambda()#12}::operator()() const::{lambda(bool, bool)#1}>, unsigned int, bool, 4, 4>) [clone .kd]",1,0,33,80641,80641,155648,512,1024,12,28,4,80,64,0x0,0x76f6b5222500,0
34,"__amd_rocclr_copyBuffer.kd",1,0,34,80641,80641,512,512,0,0,16,0,32,64,0x76ff563ff580,0x77003cb53600,0
35,"matmul(std::bfloat16_t*, std::bfloat16_t*, float*) [clone .kd]",1,0,35,80641,80641,1048576,1024,32768,0,104,0,32,64,0x0,0x77006a054600,1879048192
36,"void at::native::vectorized_elementwise_kernel<4, at::native::FillFunctor<int>, std::array<char*, 1ul> >(int, at::native::FillFunctor<int>, std::array<char*, 1ul>) [clone .kd]",1,0,38,80641,80641,4194304,256,0,0,12,4,32,64,0x0,0x76f73c22e300,0
37,"matmul(std::bfloat16_t*, std::bfloat16_t*, float*) [clone .kd]",1,0,39,80641,80641,1048576,1024,32768,0,104,0,32,64,0x0,0x77006a054600,1879048192
38,"void at::native::vectorized_elementwise_kernel<4, at::native::FillFunctor<int>, std::array<char*, 1ul> >(int, at::native::FillFunctor<int>, std::array<char*, 1ul>) [clone .kd]",1,0,40,80641,80641,4194304,256,0,0,12,4,32,64,0x0,0x76f73c22e300,0
39,"matmul(std::bfloat16_t*, std::bfloat16_t*, float*) [clone .kd]",1,0,41,80641,80641,1048576,1024,32768,0,104,0,32,64,0x0,0x77006a054600,1879048192
40,"void at::native::vectorized_elementwise_kernel<4, at::native::FillFunctor<int>, std::array<char*, 1ul> >(int, at::native::FillFunctor<int>, std::array<char*, 1ul>) [clone .kd]",1,0,42,80641,80641,4194304,256,0,0,12,4,32,64,0x0,0x76f73c22e300,0
41,"matmul(std::bfloat16_t*, std::bfloat16_t*, float*) [clone .kd]",1,0,43,80641,80641,1048576,1024,32768,0,104,0,32,64,0x0,0x77006a054600,1879048192
42,"void at::native::vectorized_elementwise_kernel<4, at::native::FillFunctor<int>, std::array<char*, 1ul> >(int, at::native::FillFunctor<int>, std::array<char*, 1ul>) [clone .kd]",1,0,44,80641,80641,4194304,256,0,0,12,4,32,64,0x0,0x76f73c22e300,0
43,"matmul(std::bfloat16_t*, std::bfloat16_t*, float*) [clone .kd]",1,0,45,80641,80641,1048576,1024,32768,0,104,0,32,64,0x0,0x77006a054600,1879048192
44,"void at::native::vectorized_elementwise_kernel<4, at::native::FillFunctor<int>, std::array<char*, 1ul> >(int, at::native::FillFunctor<int>, std::array<char*, 1ul>) [clone .kd]",1,0,46,80641,80641,4194304,256,0,0,12,4,32,64,0x0,0x76f73c22e300,0
45,"matmul(std::bfloat16_t*, std::bfloat16_t*, float*) [clone .kd]",1,0,47,80641,80641,1048576,1024,32768,0,104,0,32,64,0x0,0x77006a054600,1879048192
46,"matmul(std::bfloat16_t*, std::bfloat16_t*, float*) [clone .kd]",1,0,50,80641,80641,1048576,1024,32768,0,104,0,32,64,0x0,0x77006a054600,1879048192
47,"matmul(std::bfloat16_t*, std::bfloat16_t*, float*) [clone .kd]",1,0,51,80641,80641,1048576,1024,32768,0,104,0,32,64,0x0,0x77006a054600,1879048192
48,"matmul(std::bfloat16_t*, std::bfloat16_t*, float*) [clone .kd]",1,0,52,80641,80641,1048576,1024,32768,0,104,0,32,64,0x0,0x77006a054600,1879048192
49,"void at::native::vectorized_elementwise_kernel<4, at::native::FillFunctor<int>, std::array<char*, 1ul> >(int, at::native::FillFunctor<int>, std::array<char*, 1ul>) [clone .kd]",1,0,53,80641,80641,4194304,256,0,0,12,4,32,64,0x0,0x76f73c22e300,0
50,"matmul(std::bfloat16_t*, std::bfloat16_t*, float*) [clone .kd]",1,0,55,80641,80641,1048576,1024,32768,0,104,0,32,64,0x0,0x77006a054600,1879048192
51,"void at::native::vectorized_elementwise_kernel<4, at::native::FillFunctor<int>, std::array<char*, 1ul> >(int, at::native::FillFunctor<int>, std::array<char*, 1ul>) [clone .kd]",1,0,57,80641,80641,4194304,256,0,0,12,4,32,64,0x0,0x76f73c22e300,0
52,"matmul(std::bfloat16_t*, std::bfloat16_t*, float*) [clone .kd]",1,0,59,80641,80641,1048576,1024,32768,0,104,0,32,64,0x0,0x77006a054600,1879048192
53,"void at::native::vectorized_elementwise_kernel<4, at::native::FillFunctor<int>, std::array<char*, 1ul> >(int, at::native::FillFunctor<int>, std::array<char*, 1ul>) [clone .kd]",1,0,61,80641,80641,4194304,256,0,0,12,4,32,64,0x0,0x76f73c22e300,0
54,"matmul(std::bfloat16_t*, std::bfloat16_t*, float*) [clone .kd]",1,0,63,80641,80641,1048576,1024,32768,0,104,0,32,64,0x0,0x77006a054600,1879048192
55,"void at::native::vectorized_elementwise_kernel<4, at::native::FillFunctor<int>, std::array<char*, 1ul> >(int, at::native::FillFunctor<int>, std::array<char*, 1ul>) [clone .kd]",1,0,65,80641,80641,4194304,256,0,0,12,4,32,64,0x0,0x76f73c22e300,0
56,"matmul(std::bfloat16_t*, std::bfloat16_t*, float*) [clone .kd]",1,0,67,80641,80641,1048576,1024,32768,0,104,0,32,64,0x0,0x77006a054600,1879048192
57,"void at::native::vectorized_elementwise_kernel<4, at::native::FillFunctor<int>, std::array<char*, 1ul> >(int, at::native::FillFunctor<int>, std::array<char*, 1ul>) [clone .kd]",1,0,69,80641,80641,4194304,256,0,0,12,4,32,64,0x0,0x76f73c22e300,0
58,"matmul(std::bfloat16_t*, std::bfloat16_t*, float*) [clone .kd]",1,0,71,80641,80641,1048576,1024,32768,0,104,0,32,64,0x0,0x77006a054600,1879048192
59,"void at::native::vectorized_elementwise_kernel<4, at::native::FillFunctor<int>, std::array<char*, 1ul> >(int, at::native::FillFunctor<int>, std::array<char*, 1ul>) [clone .kd]",1,0,73,80641,80641,4194304,256,0,0,12,4,32,64,0x0,0x76f73c22e300,0
60,"matmul(std::bfloat16_t*, std::bfloat16_t*, float*) [clone .kd]",1,0,75,80641,80641,1048576,1024,32768,0,104,0,32,64,0x0,0x77006a054600,1879048192
61,"void at::native::vectorized_elementwise_kernel<4, at::native::FillFunctor<int>, std::array<char*, 1ul> >(int, at::native::FillFunctor<int>, std::array<char*, 1ul>) [clone .kd]",1,0,77,80641,80641,4194304,256,0,0,12,4,32,64,0x0,0x76f73c22e300,0
62,"matmul(std::bfloat16_t*, std::bfloat16_t*, float*) [clone .kd]",1,0,79,80641,80641,1048576,1024,32768,0,104,0,32,64,0x0,0x77006a054600,1879048192
63,"void at::native::vectorized_elementwise_kernel<4, at::native::FillFunctor<int>, std::array<char*, 1ul> >(int, at::native::FillFunctor<int>, std::array<char*, 1ul>) [clone .kd]",1,0,81,80641,80641,4194304,256,0,0,12,4,32,64,0x0,0x76f73c22e300,0
64,"matmul(std::bfloat16_t*, std::bfloat16_t*, float*) [clone .kd]",1,0,83,80641,80641,1048576,1024,32768,0,104,0,32,64,0x0,0x77006a054600,1879048192
65,"void at::native::vectorized_elementwise_kernel<4, at::native::FillFunctor<int>, std::array<char*, 1ul> >(int, at::native::FillFunctor<int>, std::array<char*, 1ul>) [clone .kd]",1,0,85,80641,80641,4194304,256,0,0,12,4,32,64,0x0,0x76f73c22e300,0
66,"matmul(std::bfloat16_t*, std::bfloat16_t*, float*) [clone .kd]",1,0,87,80641,80641,1048576,1024,32768,0,104,0,32,64,0x0,0x77006a054600,1879048192
67,"void at::native::vectorized_elementwise_kernel<4, at::native::FillFunctor<int>, std::array<char*, 1ul> >(int, at::native::FillFunctor<int>, std::array<char*, 1ul>) [clone .kd]",1,0,89,80641,80641,4194304,256,0,0,12,4,32,64,0x0,0x76f73c22e300,0
68,"matmul(std::bfloat16_t*, std::bfloat16_t*, float*) [clone .kd]",1,0,91,80641,80641,1048576,1024,32768,0,104,0,32,64,0x0,0x77006a054600,1879048192
69,"void at::native::vectorized_elementwise_kernel<4, at::native::FillFunctor<int>, std::array<char*, 1ul> >(int, at::native::FillFunctor<int>, std::array<char*, 1ul>) [clone .kd]",1,0,93,80641,80641,4194304,256,0,0,12,4,32,64,0x0,0x76f73c22e300,0
70,"matmul(std::bfloat16_t*, std::bfloat16_t*, float*) [clone .kd]",1,0,95,80641,80641,1048576,1024,32768,0,104,0,32,64,0x0,0x77006a054600,1879048192
71,"void at::native::vectorized_elementwise_kernel<4, at::native::FillFunctor<int>, std::array<char*, 1ul> >(int, at::native::FillFunctor<int>, std::array<char*, 1ul>) [clone .kd]",1,0,97,80641,80641,4194304,256,0,0,12,4,32,64,0x0,0x76f73c22e300,0
72,"matmul(std::bfloat16_t*, std::bfloat16_t*, float*) [clone .kd]",1,0,99,80641,80641,1048576,1024,32768,0,104,0,32,64,0x0,0x77006a054600,1879048192
73,"void at::native::vectorized_elementwise_kernel<4, at::native::FillFunctor<int>, std::array<char*, 1ul> >(int, at::native::FillFunctor<int>, std::array<char*, 1ul>) [clone .kd]",1,0,101,80641,80641,4194304,256,0,0,12,4,32,64,0x0,0x76f73c22e300,0
74,"matmul(std::bfloat16_t*, std::bfloat16_t*, float*) [clone .kd]",1,0,103,80641,80641,1048576,1024,32768,0,104,0,32,64,0x0,0x77006a054600,1879048192
75,"void at::native::vectorized_elementwise_kernel<4, at::native::FillFunctor<int>, std::array<char*, 1ul> >(int, at::native::FillFunctor<int>, std::array<char*, 1ul>) [clone .kd]",1,0,105,80641,80641,4194304,256,0,0,12,4,32,64,0x0,0x76f73c22e300,0
76,"matmul(std::bfloat16_t*, std::bfloat16_t*, float*) [clone .kd]",1,0,107,80641,80641,1048576,1024,32768,0,104,0,32,64,0x0,0x77006a054600,1879048192
77,"void at::native::vectorized_elementwise_kernel<4, at::native::FillFunctor<int>, std::array<char*, 1ul> >(int, at::native::FillFunctor<int>, std::array<char*, 1ul>) [clone .kd]",1,0,109,80641,80641,4194304,256,0,0,12,4,32,64,0x0,0x76f73c22e300,0
78,"matmul(std::bfloat16_t*, std::bfloat16_t*, float*) [clone .kd]",1,0,111,80641,80641,1048576,1024,32768,0,104,0,32,64,0x0,0x77006a054600,1879048192
