Index,KernelName,gpu-id,queue-id,queue-index,pid,tid,grd,wgr,lds,scr,arch_vgpr,accum_vgpr,sgpr,wave_size,sig,obj,SQ_WAVES,GRBM_COUNT,SQ_INSTS_VALU,SQ_INSTS_LDS
0,"void at::native::(anonymous namespace)::distribution_elementwise_grid_stride_kernel<float, 4, at::native::templates::cuda::normal_and_transform<c10::BFloat16, float, at::CUDAGeneratorImpl*, at::native::templates::cuda::normal_kernel<at::CUDAGeneratorImpl*>(at::TensorBase const&, double, double, at::CUDAGeneratorImpl*)::{lambda()#1}::operator()() const::{lambda()#4}::operator()() const::{lambda(float)#1}>(at::TensorIteratorBase&, at::CUDAGeneratorImpl*, at::native::templates::cuda::normal_kernel<at::CUDAGeneratorImpl*>(at::TensorBase const&, double, double, at::CUDAGeneratorImpl*)::{lambda()#1}::operator()() const::{lambda()#4}::operator()() const::{lambda(float)#1})::{lambda(hiprandStatePhilox4_32_10*)#2}, at::native::(anonymous namespace)::distribution_nullary_kernel<c10::BFloat16, float, HIP_vector_type<float, 4u>, at::CUDAGeneratorImpl*, at::native::templates::cuda::normal_and_transform<c10::BFloat16, float, at::CUDAGeneratorImpl*, at::native::templates::cuda::normal_kernel<at::CUDAGeneratorImpl*>(at::TensorBase const&, double, double, at::CUDAGeneratorImpl*)::{lambda()#1}::operator()() const::{lambda()#4}::operator()() const::{lambda(float)#1}>(at::TensorIteratorBase&, at::CUDAGeneratorImpl*, at::native::templates::cuda::normal_kernel<at::CUDAGeneratorImpl*>(at::TensorBase const&, double, double, at::CUDAGeneratorImpl*)::{lambda()#1}::operator()() const::{lambda()#4}::operator()() const::{lambda(float)#1})::{lambda(hiprandStatePhilox4_32_10*)#2}, at::native::templates::cuda::normal_kernel<at::CUDAGeneratorImpl*>(at::TensorBase const&, double, double, at::CUDAGeneratorImpl*)::{lambda()#1}::operator()() const::{lambda()#4}::operator()() const::{lambda(float)#1}>(at::TensorIteratorBase&, at::CUDAGeneratorImpl*, at::native::templates::cuda::normal_and_transform<c10::BFloat16, float, at::CUDAGeneratorImpl*, at::native::templates::cuda::normal_kernel<at::CUDAGeneratorImpl*>(at::TensorBase const&, double, double, at::CUDAGeneratorImpl*)::{lambda()#1}::operator()() const::{lambda()#4}::operator()() const::{lambda(float)#1}>(at::TensorIteratorBase&, at::CUDAGeneratorImpl*, at::native::templates::cuda::normal_kernel<at::CUDAGeneratorImpl*>(at::TensorBase const&, double, double, at::CUDAGeneratorImpl*)::{lambda()#1}::operator()() const::{lambda()#4}::operator()() const::{lambda(float)#1})::{lambda(hiprandStatePhilox4_32_10*)#2} const&, at::native::templates::cuda::normal_kernel<at::CUDAGeneratorImpl*>(at::TensorBase const&, double, double, at::CUDAGeneratorImpl*)::{lambda()#1}::operator()() const::{lambda()#4}::operator()() const::{lambda(float)#1})::{lambda(int, float)#1}>(long, at::PhiloxCudaState, at::native::templates::cuda::normal_and_transform<c10::BFloat16, float, at::CUDAGeneratorImpl*, at::native::templates::cuda::normal_kernel<at::CUDAGeneratorImpl*>(at::TensorBase const&, double, double, at::CUDAGeneratorImpl*)::{lambda()#1}::operator()() const::{lambda()#4}::operator()() const::{lambda(float)#1}>(at::TensorIteratorBase&, at::CUDAGeneratorImpl*, at::native::templates::cuda::normal_kernel<at::CUDAGeneratorImpl*>(at::TensorBase const&, double, double, at::CUDAGeneratorImpl*)::{lambda()#1}::operator()() const::{lambda()#4}::operator()() const::{lambda(float)#1})::{lambda(hiprandStatePhilox4_32_10*)#2}, at::native::(anonymous namespace)::distribution_nullary_kernel<c10::BFloat16, float, HIP_vector_type<float, 4u>, at::CUDAGeneratorImpl*, at::native::templates::cuda::normal_and_transform<c10::BFloat16, float, at::CUDAGeneratorImpl*, at::native::templates::cuda::normal_kernel<at::CUDAGeneratorImpl*>(at::TensorBase const&, double, double, at::CUDAGeneratorImpl*)::{lambda()#1}::operator()() const::{lambda()#4}::operator()() const::{lambda(float)#1}>(at::TensorIteratorBase&, at::CUDAGeneratorImpl*, at::native::templates::cuda::normal_kernel<at::CUDAGeneratorImpl*>(at::TensorBase const&, double, double, at::CUDAGeneratorImpl*)::{lambda()#1}::operator()() const::{lambda()#4}::operator()() const::{lambda(float)#1})::{lambda(hiprandStatePhilox4_32_10*)#2}, at::native::templates::cuda::normal_kernel<at::CUDAGeneratorImpl*>(at::TensorBase const&, double, double, at::CUDAGeneratorImpl*)::{lambda()#1}::operator()() const::{lambda()#4}::operator()() const::{lambda(float)#1}>(at::TensorIteratorBase&, at::CUDAGeneratorImpl*, at::native::templates::cuda::normal_and_transform<c10::BFloat16, float, at::CUDAGeneratorImpl*, at::native::templates::cuda::normal_kernel<at::CUDAGeneratorImpl*>(at::TensorBase const&, double, double, at::CUDAGeneratorImpl*)::{lambda()#1}::operator()() const::{lambda()#4}::operator()() const::{lambda(float)#1}>(at::TensorIteratorBase&, at::CUDAGeneratorImpl*, at::native::templates::cuda::normal_kernel<at::CUDAGeneratorImpl*>(at::TensorBase const&, double, double, at::CUDAGeneratorImpl*)::{lambda()#1}::operator()() const::{lambda()#4}::operator()() const::{lambda(float)#1})::{lambda(hiprandStatePhilox4_32_10*)#2} const&, at::native::templates::cuda::normal_kernel<at::CUDAGeneratorImpl*>(at::TensorBase const&, double, double, at::CUDAGeneratorImpl*)::{lambda()#1}::operator()() const::{lambda()#4}::operator()() const::{lambda(float)#1})::{lambda(int, float)#1}) [clone .kd]",1,0,0,14204,14204,622592,256,0,0,56,0,48,64,0x0,0x75020905bf80,9728,1406547,55930880,0
1,"void at::native::(anonymous namespace)::distribution_elementwise_grid_stride_kernel<float, 4, at::native::templates::cuda::normal_and_transform<c10::BFloat16, float, at::CUDAGeneratorImpl*, at::native::templates::cuda::normal_kernel<at::CUDAGeneratorImpl*>(at::TensorBase const&, double, double, at::CUDAGeneratorImpl*)::{lambda()#1}::operator()() const::{lambda()#4}::operator()() const::{lambda(float)#1}>(at::TensorIteratorBase&, at::CUDAGeneratorImpl*, at::native::templates::cuda::normal_kernel<at::CUDAGeneratorImpl*>(at::TensorBase const&, double, double, at::CUDAGeneratorImpl*)::{lambda()#1}::operator()() const::{lambda()#4}::operator()() const::{lambda(float)#1})::{lambda(hiprandStatePhilox4_32_10*)#2}, at::native::(anonymous namespace)::distribution_nullary_kernel<c10::BFloat16, float, HIP_vector_type<float, 4u>, at::CUDAGeneratorImpl*, at::native::templates::cuda::normal_and_transform<c10::BFloat16, float, at::CUDAGeneratorImpl*, at::native::templates::cuda::normal_kernel<at::CUDAGeneratorImpl*>(at::TensorBase const&, double, double, at::CUDAGeneratorImpl*)::{lambda()#1}::operator()() const::{lambda()#4}::operator()() const::{lambda(float)#1}>(at::TensorIteratorBase&, at::CUDAGeneratorImpl*, at::native::templates::cuda::normal_kernel<at::CUDAGeneratorImpl*>(at::TensorBase const&, double, double, at::CUDAGeneratorImpl*)::{lambda()#1}::operator()() const::{lambda()#4}::operator()() const::{lambda(float)#1})::{lambda(hiprandStatePhilox4_32_10*)#2}, at::native::templates::cuda::normal_kernel<at::CUDAGeneratorImpl*>(at::TensorBase const&, double, double, at::CUDAGeneratorImpl*)::{lambda()#1}::operator()() const::{lambda()#4}::operator()() const::{lambda(float)#1}>(at::TensorIteratorBase&, at::CUDAGeneratorImpl*, at::native::templates::cuda::normal_and_transform<c10::BFloat16, float, at::CUDAGeneratorImpl*, at::native::templates::cuda::normal_kernel<at::CUDAGeneratorImpl*>(at::TensorBase const&, double, double, at::CUDAGeneratorImpl*)::{lambda()#1}::operator()() const::{lambda()#4}::operator()() const::{lambda(float)#1}>(at::TensorIteratorBase&, at::CUDAGeneratorImpl*, at::native::templates::cuda::normal_kernel<at::CUDAGeneratorImpl*>(at::TensorBase const&, double, double, at::CUDAGeneratorImpl*)::{lambda()#1}::operator()() const::{lambda()#4}::operator()() const::{lambda(float)#1})::{lambda(hiprandStatePhilox4_32_10*)#2} const&, at::native::templates::cuda::normal_kernel<at::CUDAGeneratorImpl*>(at::TensorBase const&, double, double, at::CUDAGeneratorImpl*)::{lambda()#1}::operator()() const::{lambda()#4}::operator()() const::{lambda(float)#1})::{lambda(int, float)#1}>(long, at::PhiloxCudaState, at::native::templates::cuda::normal_and_transform<c10::BFloat16, float, at::CUDAGeneratorImpl*, at::native::templates::cuda::normal_kernel<at::CUDAGeneratorImpl*>(at::TensorBase const&, double, double, at::CUDAGeneratorImpl*)::{lambda()#1}::operator()() const::{lambda()#4}::operator()() const::{lambda(float)#1}>(at::TensorIteratorBase&, at::CUDAGeneratorImpl*, at::native::templates::cuda::normal_kernel<at::CUDAGeneratorImpl*>(at::TensorBase const&, double, double, at::CUDAGeneratorImpl*)::{lambda()#1}::operator()() const::{lambda()#4}::operator()() const::{lambda(float)#1})::{lambda(hiprandStatePhilox4_32_10*)#2}, at::native::(anonymous namespace)::distribution_nullary_kernel<c10::BFloat16, float, HIP_vector_type<float, 4u>, at::CUDAGeneratorImpl*, at::native::templates::cuda::normal_and_transform<c10::BFloat16, float, at::CUDAGeneratorImpl*, at::native::templates::cuda::normal_kernel<at::CUDAGeneratorImpl*>(at::TensorBase const&, double, double, at::CUDAGeneratorImpl*)::{lambda()#1}::operator()() const::{lambda()#4}::operator()() const::{lambda(float)#1}>(at::TensorIteratorBase&, at::CUDAGeneratorImpl*, at::native::templates::cuda::normal_kernel<at::CUDAGeneratorImpl*>(at::TensorBase const&, double, double, at::CUDAGeneratorImpl*)::{lambda()#1}::operator()() const::{lambda()#4}::operator()() const::{lambda(float)#1})::{lambda(hiprandStatePhilox4_32_10*)#2}, at::native::templates::cuda::normal_kernel<at::CUDAGeneratorImpl*>(at::TensorBase const&, double, double, at::CUDAGeneratorImpl*)::{lambda()#1}::operator()() const::{lambda()#4}::operator()() const::{lambda(float)#1}>(at::TensorIteratorBase&, at::CUDAGeneratorImpl*, at::native::templates::cuda::normal_and_transform<c10::BFloat16, float, at::CUDAGeneratorImpl*, at::native::templates::cuda::normal_kernel<at::CUDAGeneratorImpl*>(at::TensorBase const&, double, double, at::CUDAGeneratorImpl*)::{lambda()#1}::operator()() const::{lambda()#4}::operator()() const::{lambda(float)#1}>(at::TensorIteratorBase&, at::CUDAGeneratorImpl*, at::native::templates::cuda::normal_kernel<at::CUDAGeneratorImpl*>(at::TensorBase const&, double, double, at::CUDAGeneratorImpl*)::{lambda()#1}::operator()() const::{lambda()#4}::operator()() const::{lambda(float)#1})::{lambda(hiprandStatePhilox4_32_10*)#2} const&, at::native::templates::cuda::normal_kernel<at::CUDAGeneratorImpl*>(at::TensorBase const&, double, double, at::CUDAGeneratorImpl*)::{lambda()#1}::operator()() const::{lambda()#4}::operator()() const::{lambda(float)#1})::{lambda(int, float)#1}) [clone .kd]",1,0,1,14204,14204,622592,256,0,0,56,0,48,64,0x0,0x75020905bf80,9728,1403823,55930880,0
2,"void at::native::vectorized_elementwise_kernel<4, at::native::FillFunctor<float>, std::array<char*, 1ul> >(int, at::native::FillFunctor<float>, std::array<char*, 1ul>) [clone .kd]",1,0,2,14204,14204,4194304,256,0,0,12,4,32,64,0x0,0x74f8dac2eb00,65536,760578,720896,0
3,"matmul(std::bfloat16_t*, std::bfloat16_t*, float*) [clone .kd]",1,0,3,14204,14204,1048576,256,32768,0,68,4,32,64,0x0,0x750209078600,16384,31231203,45432832,33554432
4,"void at::native::vectorized_elementwise_kernel<4, at::native::bfloat16tofloat32_copy_kernel_cuda(at::TensorIteratorBase&)::{lambda(c10::BFloat16)#1}, std::array<char*, 2ul> >(int, at::native::bfloat16tofloat32_copy_kernel_cuda(at::TensorIteratorBase&)::{lambda(c10::BFloat16)#1}, std::array<char*, 2ul>) [clone .kd]",1,0,4,14204,14204,4194304,256,0,0,24,0,32,64,0x0,0x74f8da071bc0,65536,1399659,2031616,0
5,"void at::native::vectorized_elementwise_kernel<4, at::native::bfloat16tofloat32_copy_kernel_cuda(at::TensorIteratorBase&)::{lambda(c10::BFloat16)#1}, std::array<char*, 2ul> >(int, at::native::bfloat16tofloat32_copy_kernel_cuda(at::TensorIteratorBase&)::{lambda(c10::BFloat16)#1}, std::array<char*, 2ul>) [clone .kd]",1,0,5,14204,14204,4194304,256,0,0,24,0,32,64,0x0,0x74f8da071bc0,65536,1458665,2031616,0
6,"__amd_rocclr_fillBufferAligned.kd",1,0,6,14204,14204,77824,256,0,0,12,4,48,64,0x0,0x750259a2b580,1216,202044,138944,0
7,"Cijk_Alik_Bljk_S_B_UserArgs_MT144x256x32_MI16x16x1_SN_LDSB1_AFC0_AFEM8_AFEM8_ASEM32_CLR1_CADS0_DTVA0_DTVB0_EPS0_FDSI0_GRPM1_GRVWA2_GRVWB4_GSUAMB_GLS0_ISA942_IU1_K1_LBSPPA128_LBSPPB128_LBSPPM0_LPA8_LPB8_LPMn1_LRVW4_LWPMn1_MIAV0_MIWT9_4_MO40_NTn1_NTA0_NTB0_NTC0_NTD0_NTM0_NEPBS0_NLCA1_NLCB1_ONLL1_PGR2_PLR1_PKA1_SIA3_SS1_SPO0_SRVW0_SSO0_SVW1_SK0_SKXCCM0_TLDS1_ULSGRO0_USL1_UIOFGRO0_USFGROn1_VSn1_VWA1_VWB1_WSGRA0_WSGRB0_WS64_WG16_16_1.kd",1,0,7,14204,14204,466944,256,64000,0,128,272,96,64,0x0,0x7500f490f2c0,7296,114634326,541271680,80314368
8,"void at::native::elementwise_kernel_manual_unroll<128, 4, at::native::gpu_kernel_impl_nocast<at::native::CUDAFunctor_add<float> >(at::TensorIteratorBase&, at::native::CUDAFunctor_add<float> const&)::{lambda(int, bool)#1}>(int, at::native::gpu_kernel_impl_nocast<at::native::CUDAFunctor_add<float> >(at::TensorIteratorBase&, at::native::CUDAFunctor_add<float> const&)::{lambda(int, bool)#1}) [clone .kd]",1,0,8,14204,14204,16777216,128,0,0,28,4,64,64,0x0,0x74f8d8664540,262144,14409586,19660800,0
9,"void at::native::vectorized_elementwise_kernel<4, at::native::AbsFunctor<float>, std::array<char*, 2ul> >(int, at::native::AbsFunctor<float>, std::array<char*, 2ul>) [clone .kd]",1,0,9,14204,14204,4194304,256,0,0,24,0,32,64,0x0,0x74f8f4115c80,65536,1804968,1966080,0
10,"void at::native::elementwise_kernel_manual_unroll<128, 4, at::native::gpu_kernel_impl_nocast<at::native::direct_copy_kernel_cuda(at::TensorIteratorBase&)::{lambda()#3}::operator()() const::{lambda()#7}::operator()() const::{lambda(float)#1}>(at::TensorIteratorBase&, at::native::direct_copy_kernel_cuda(at::TensorIteratorBase&)::{lambda()#3}::operator()() const::{lambda()#7}::operator()() const::{lambda(float)#1} const&)::{lambda(int, bool)#1}>(int, at::native::gpu_kernel_impl_nocast<at::native::direct_copy_kernel_cuda(at::TensorIteratorBase&)::{lambda()#3}::operator()() const::{lambda()#7}::operator()() const::{lambda(float)#1}>(at::TensorIteratorBase&, at::native::direct_copy_kernel_cuda(at::TensorIteratorBase&)::{lambda()#3}::operator()() const::{lambda()#7}::operator()() const::{lambda(float)#1} const&)::{lambda(int, bool)#1}) [clone .kd]",1,0,10,14204,14204,16777216,128,0,0,20,4,80,64,0x0,0x74f8da075b00,262144,6386120,16515072,0
11,"__amd_rocclr_fillBufferAligned.kd",1,0,11,14204,14204,256,256,0,0,12,4,48,64,0x0,0x750259a2b580,4,333694,34,0
12,"void at::native::reduce_kernel<512, 1, at::native::ReduceOp<float, at::native::func_wrapper_t<float, at::native::MaxNanFunctor<float> >, unsigned int, float, 4, 4> >(at::native::ReduceOp<float, at::native::func_wrapper_t<float, at::native::MaxNanFunctor<float> >, unsigned int, float, 4, 4>) [clone .kd]",1,0,12,14204,14204,155648,512,2560,0,28,4,80,64,0x0,0x74f8772185c0,2432,1082473,4496862,26526
13,"__amd_rocclr_copyBuffer.kd",1,0,13,14204,14204,512,512,0,0,16,0,32,64,0x7500f53ff680,0x750259a2b600,8,128467,57,0
14,"void at::native::elementwise_kernel_manual_unroll<128, 4, at::native::gpu_kernel_impl_nocast<at::native::CUDAFunctor_add<float> >(at::TensorIteratorBase&, at::native::CUDAFunctor_add<float> const&)::{lambda(int, bool)#1}>(int, at::native::gpu_kernel_impl_nocast<at::native::CUDAFunctor_add<float> >(at::TensorIteratorBase&, at::native::CUDAFunctor_add<float> const&)::{lambda(int, bool)#1}) [clone .kd]",1,0,14,14204,14204,16777216,128,0,0,28,4,64,64,0x0,0x74f8d8664540,262144,14468841,19660800,0
15,"void at::native::vectorized_elementwise_kernel<4, at::native::AbsFunctor<float>, std::array<char*, 2ul> >(int, at::native::AbsFunctor<float>, std::array<char*, 2ul>) [clone .kd]",1,0,15,14204,14204,4194304,256,0,0,24,0,32,64,0x0,0x74f8f4115c80,65536,2020011,1966080,0
16,"__amd_rocclr_fillBufferAligned.kd",1,0,16,14204,14204,256,256,0,0,12,4,48,64,0x0,0x750259a2b580,4,160358,34,0
17,"void at::native::reduce_kernel<512, 1, at::native::ReduceOp<float, at::native::MeanOps<float, float, float, float>, unsigned int, float, 4, 4> >(at::native::ReduceOp<float, at::native::MeanOps<float, float, float, float>, unsigned int, float, 4, 4>) [clone .kd]",1,0,17,14204,14204,155648,512,2560,0,28,4,80,64,0x0,0x74f876e17f80,2432,958247,1827271,26526
18,"__amd_rocclr_copyBuffer.kd",1,0,18,14204,14204,512,512,0,0,16,0,32,64,0x7500f53ff600,0x750259a2b600,8,120782,57,0
19,"void at::native::elementwise_kernel_manual_unroll<128, 8, at::native::gpu_kernel_impl_nocast<at::native::BinaryFunctor<float, float, bool, at::native::(anonymous namespace)::CompareEqFunctor<float> > >(at::TensorIteratorBase&, at::native::BinaryFunctor<float, float, bool, at::native::(anonymous namespace)::CompareEqFunctor<float> > const&)::{lambda(int, bool)#1}>(int, at::native::gpu_kernel_impl_nocast<at::native::BinaryFunctor<float, float, bool, at::native::(anonymous namespace)::CompareEqFunctor<float> > >(at::TensorIteratorBase&, at::native::BinaryFunctor<float, float, bool, at::native::(anonymous namespace)::CompareEqFunctor<float> > const&)::{lambda(int, bool)#1}) [clone .kd]",1,0,19,14204,14204,8388608,128,0,0,52,4,64,64,0x0,0x74f8766703c0,131072,13540871,24510464,0
20,"void at::native::vectorized_elementwise_kernel<4, at::native::AUnaryFunctor<float, float, float, at::native::binary_internal::MulFunctor<float> >, std::array<char*, 2ul> >(int, at::native::AUnaryFunctor<float, float, float, at::native::binary_internal::MulFunctor<float> >, std::array<char*, 2ul>) [clone .kd]",1,0,20,14204,14204,4194304,256,0,0,24,0,32,64,0x0,0x74f875c4a280,65536,1741833,1441792,0
21,"void at::native::vectorized_elementwise_kernel<4, at::native::AbsFunctor<float>, std::array<char*, 2ul> >(int, at::native::AbsFunctor<float>, std::array<char*, 2ul>) [clone .kd]",1,0,21,14204,14204,4194304,256,0,0,24,0,32,64,0x0,0x74f8f4115c80,65536,1974320,1966080,0
22,"void at::native::vectorized_elementwise_kernel<4, at::native::CUDAFunctorOnSelf_add<float>, std::array<char*, 2ul> >(int, at::native::CUDAFunctorOnSelf_add<float>, std::array<char*, 2ul>) [clone .kd]",1,0,22,14204,14204,4194304,256,0,0,28,4,32,64,0x0,0x74f8d8664280,65536,1875163,1572864,0
23,"void at::native::elementwise_kernel_manual_unroll<128, 4, at::native::gpu_kernel_impl_nocast<at::native::CUDAFunctor_add<float> >(at::TensorIteratorBase&, at::native::CUDAFunctor_add<float> const&)::{lambda(int, bool)#1}>(int, at::native::gpu_kernel_impl_nocast<at::native::CUDAFunctor_add<float> >(at::TensorIteratorBase&, at::native::CUDAFunctor_add<float> const&)::{lambda(int, bool)#1}) [clone .kd]",1,0,23,14204,14204,16777216,128,0,0,28,4,64,64,0x0,0x74f8d8664540,262144,15277958,19660800,0
24,"void at::native::vectorized_elementwise_kernel<4, at::native::AbsFunctor<float>, std::array<char*, 2ul> >(int, at::native::AbsFunctor<float>, std::array<char*, 2ul>) [clone .kd]",1,0,24,14204,14204,4194304,256,0,0,24,0,32,64,0x0,0x74f8f4115c80,65536,1919737,1966080,0
25,"void at::native::vectorized_elementwise_kernel<4, at::native::AbsFunctor<float>, std::array<char*, 2ul> >(int, at::native::AbsFunctor<float>, std::array<char*, 2ul>) [clone .kd]",1,0,25,14204,14204,4194304,256,0,0,24,0,32,64,0x0,0x74f8f4115c80,65536,2180714,1966080,0
26,"void at::native::vectorized_elementwise_kernel<4, at::native::AUnaryFunctor<float, float, bool, at::native::(anonymous namespace)::CompareEqFunctor<float> >, std::array<char*, 2ul> >(int, at::native::AUnaryFunctor<float, float, bool, at::native::(anonymous namespace)::CompareEqFunctor<float> >, std::array<char*, 2ul>) [clone .kd]",1,0,26,14204,14204,4194304,256,0,0,24,0,32,64,0x0,0x74f876670500,65536,1442221,8978432,0
27,"void at::native::vectorized_elementwise_kernel<4, at::native::BinaryFunctor<float, float, bool, at::native::(anonymous namespace)::CompareEqFunctor<float> >, std::array<char*, 3ul> >(int, at::native::BinaryFunctor<float, float, bool, at::native::(anonymous namespace)::CompareEqFunctor<float> >, std::array<char*, 3ul>) [clone .kd]",1,0,27,14204,14204,4194304,256,0,0,40,0,32,64,0x0,0x74f876670300,65536,866836,9306112,0
28,"void at::native::vectorized_elementwise_kernel<16, at::native::BinaryFunctor<bool, bool, bool, at::native::binary_internal::MulFunctor<bool> >, std::array<char*, 3ul> >(int, at::native::BinaryFunctor<bool, bool, bool, at::native::binary_internal::MulFunctor<bool> >, std::array<char*, 3ul>) [clone .kd]",1,0,28,14204,14204,4194304,256,0,0,36,4,80,64,0x0,0x74f875c4b400,65536,992716,5636096,0
29,"void at::native::elementwise_kernel_manual_unroll<128, 8, at::native::gpu_kernel_impl_nocast<at::native::(anonymous namespace)::CompareFunctor<float> >(at::TensorIteratorBase&, at::native::(anonymous namespace)::CompareFunctor<float> const&)::{lambda(int, bool)#1}>(int, at::native::gpu_kernel_impl_nocast<at::native::(anonymous namespace)::CompareFunctor<float> >(at::TensorIteratorBase&, at::native::(anonymous namespace)::CompareFunctor<float> const&)::{lambda(int, bool)#1}) [clone .kd]",1,0,29,14204,14204,8388608,128,0,0,52,4,64,64,0x0,0x74f855032040,131072,14698754,20316160,0
30,"void at::native::vectorized_elementwise_kernel<16, at::native::BinaryFunctor<bool, bool, bool, at::native::BitwiseAndFunctor<bool> >, std::array<char*, 3ul> >(int, at::native::BinaryFunctor<bool, bool, bool, at::native::BitwiseAndFunctor<bool> >, std::array<char*, 3ul>) [clone .kd]",1,0,30,14204,14204,4194304,256,0,0,36,4,80,64,0x0,0x74f854854b00,65536,919249,5636096,0
31,"void at::native::vectorized_elementwise_kernel<16, at::native::BinaryFunctor<bool, bool, bool, at::native::BitwiseOrFunctor<bool> >, std::array<char*, 3ul> >(int, at::native::BinaryFunctor<bool, bool, bool, at::native::BitwiseOrFunctor<bool> >, std::array<char*, 3ul>) [clone .kd]",1,0,31,14204,14204,4194304,256,0,0,36,4,32,64,0x0,0x74f854856300,65536,991663,4325376,0
32,"__amd_rocclr_fillBufferAligned.kd",1,0,32,14204,14204,256,256,0,0,12,4,48,64,0x0,0x750259a2b580,4,109333,34,0
33,"void at::native::reduce_kernel<512, 1, at::native::ReduceOp<bool, at::native::func_wrapper_t<bool, at::native::and_kernel_cuda(at::TensorIterator&)::{lambda()#1}::operator()() const::{lambda()#12}::operator()() const::{lambda(bool, bool)#1}>, unsigned int, bool, 4, 4> >(at::native::ReduceOp<bool, at::native::func_wrapper_t<bool, at::native::and_kernel_cuda(at::TensorIterator&)::{lambda()#1}::operator()() const::{lambda()#12}::operator()() const::{lambda(bool, bool)#1}>, unsigned int, bool, 4, 4>) [clone .kd]",1,0,33,14204,14204,155648,512,1024,12,28,4,80,64,0x0,0x74f854222500,2432,3127610,6096890,26526
34,"__amd_rocclr_copyBuffer.kd",1,0,34,14204,14204,512,512,0,0,16,0,32,64,0x7500f53ff580,0x750259a2b600,8,417788,57,0
35,"matmul(std::bfloat16_t*, std::bfloat16_t*, float*) [clone .kd]",1,0,35,14204,14204,1048576,256,32768,0,68,4,32,64,0x0,0x750209078600,16384,31454832,45432832,33554432
36,"void at::native::vectorized_elementwise_kernel<4, at::native::FillFunctor<int>, std::array<char*, 1ul> >(int, at::native::FillFunctor<int>, std::array<char*, 1ul>) [clone .kd]",1,0,38,14204,14204,4194304,256,0,0,12,4,32,64,0x0,0x74f8dac2e300,65536,642945,720896,0
37,"matmul(std::bfloat16_t*, std::bfloat16_t*, float*) [clone .kd]",1,0,39,14204,14204,1048576,256,32768,0,68,4,32,64,0x0,0x750209078600,16384,28615836,45432832,33554432
38,"void at::native::vectorized_elementwise_kernel<4, at::native::FillFunctor<int>, std::array<char*, 1ul> >(int, at::native::FillFunctor<int>, std::array<char*, 1ul>) [clone .kd]",1,0,40,14204,14204,4194304,256,0,0,12,4,32,64,0x0,0x74f8dac2e300,65536,1410120,720896,0
39,"matmul(std::bfloat16_t*, std::bfloat16_t*, float*) [clone .kd]",1,0,41,14204,14204,1048576,256,32768,0,68,4,32,64,0x0,0x750209078600,16384,28636198,45432832,33554432
40,"void at::native::vectorized_elementwise_kernel<4, at::native::FillFunctor<int>, std::array<char*, 1ul> >(int, at::native::FillFunctor<int>, std::array<char*, 1ul>) [clone .kd]",1,0,42,14204,14204,4194304,256,0,0,12,4,32,64,0x0,0x74f8dac2e300,65536,1462692,720896,0
41,"matmul(std::bfloat16_t*, std::bfloat16_t*, float*) [clone .kd]",1,0,43,14204,14204,1048576,256,32768,0,68,4,32,64,0x0,0x750209078600,16384,28513230,45432832,33554432
42,"void at::native::vectorized_elementwise_kernel<4, at::native::FillFunctor<int>, std::array<char*, 1ul> >(int, at::native::FillFunctor<int>, std::array<char*, 1ul>) [clone .kd]",1,0,44,14204,14204,4194304,256,0,0,12,4,32,64,0x0,0x74f8dac2e300,65536,1377100,720896,0
43,"matmul(std::bfloat16_t*, std::bfloat16_t*, float*) [clone .kd]",1,0,45,14204,14204,1048576,256,32768,0,68,4,32,64,0x0,0x750209078600,16384,29779555,45432832,33554432
44,"void at::native::vectorized_elementwise_kernel<4, at::native::FillFunctor<int>, std::array<char*, 1ul> >(int, at::native::FillFunctor<int>, std::array<char*, 1ul>) [clone .kd]",1,0,46,14204,14204,4194304,256,0,0,12,4,32,64,0x0,0x74f8dac2e300,65536,1556638,720896,0
45,"matmul(std::bfloat16_t*, std::bfloat16_t*, float*) [clone .kd]",1,0,47,14204,14204,1048576,256,32768,0,68,4,32,64,0x0,0x750209078600,16384,29169875,45432832,33554432
46,"matmul(std::bfloat16_t*, std::bfloat16_t*, float*) [clone .kd]",1,0,50,14204,14204,1048576,256,32768,0,68,4,32,64,0x0,0x750209078600,16384,32649785,45432832,33554432
47,"matmul(std::bfloat16_t*, std::bfloat16_t*, float*) [clone .kd]",1,0,51,14204,14204,1048576,256,32768,0,68,4,32,64,0x0,0x750209078600,16384,33107223,45432832,33554432
48,"matmul(std::bfloat16_t*, std::bfloat16_t*, float*) [clone .kd]",1,0,52,14204,14204,1048576,256,32768,0,68,4,32,64,0x0,0x750209078600,16384,34488435,45432832,33554432
49,"matmul(std::bfloat16_t*, std::bfloat16_t*, float*) [clone .kd]",1,0,53,14204,14204,1048576,256,32768,0,68,4,32,64,0x0,0x750209078600,16384,33499938,45432832,33554432
50,"matmul(std::bfloat16_t*, std::bfloat16_t*, float*) [clone .kd]",1,0,54,14204,14204,1048576,256,32768,0,68,4,32,64,0x0,0x750209078600,16384,32333646,45432832,33554432
51,"matmul(std::bfloat16_t*, std::bfloat16_t*, float*) [clone .kd]",1,0,55,14204,14204,1048576,256,32768,0,68,4,32,64,0x0,0x750209078600,16384,33990726,45432832,33554432
52,"matmul(std::bfloat16_t*, std::bfloat16_t*, float*) [clone .kd]",1,0,56,14204,14204,1048576,256,32768,0,68,4,32,64,0x0,0x750209078600,16384,34796372,45432832,33554432
53,"matmul(std::bfloat16_t*, std::bfloat16_t*, float*) [clone .kd]",1,0,57,14204,14204,1048576,256,32768,0,68,4,32,64,0x0,0x750209078600,16384,34799386,45432832,33554432
54,"matmul(std::bfloat16_t*, std::bfloat16_t*, float*) [clone .kd]",1,0,58,14204,14204,1048576,256,32768,0,68,4,32,64,0x0,0x750209078600,16384,34857009,45432832,33554432
55,"matmul(std::bfloat16_t*, std::bfloat16_t*, float*) [clone .kd]",1,0,59,14204,14204,1048576,256,32768,0,68,4,32,64,0x0,0x750209078600,16384,33671070,45432832,33554432
56,"void at::native::vectorized_elementwise_kernel<4, at::native::FillFunctor<int>, std::array<char*, 1ul> >(int, at::native::FillFunctor<int>, std::array<char*, 1ul>) [clone .kd]",1,0,60,14204,14204,4194304,256,0,0,12,4,32,64,0x0,0x74f8dac2e300,65536,2157494,720896,0
57,"matmul(std::bfloat16_t*, std::bfloat16_t*, float*) [clone .kd]",1,0,62,14204,14204,1048576,256,32768,0,68,4,32,64,0x0,0x750209078600,16384,31921637,45432832,33554432
58,"void at::native::vectorized_elementwise_kernel<4, at::native::FillFunctor<int>, std::array<char*, 1ul> >(int, at::native::FillFunctor<int>, std::array<char*, 1ul>) [clone .kd]",1,0,64,14204,14204,4194304,256,0,0,12,4,32,64,0x0,0x74f8dac2e300,65536,871340,720896,0
59,"matmul(std::bfloat16_t*, std::bfloat16_t*, float*) [clone .kd]",1,0,66,14204,14204,1048576,256,32768,0,68,4,32,64,0x0,0x750209078600,16384,31297832,45432832,33554432
60,"void at::native::vectorized_elementwise_kernel<4, at::native::FillFunctor<int>, std::array<char*, 1ul> >(int, at::native::FillFunctor<int>, std::array<char*, 1ul>) [clone .kd]",1,0,68,14204,14204,4194304,256,0,0,12,4,32,64,0x0,0x74f8dac2e300,65536,831267,720896,0
61,"matmul(std::bfloat16_t*, std::bfloat16_t*, float*) [clone .kd]",1,0,70,14204,14204,1048576,256,32768,0,68,4,32,64,0x0,0x750209078600,16384,32449870,45432832,33554432
62,"void at::native::vectorized_elementwise_kernel<4, at::native::FillFunctor<int>, std::array<char*, 1ul> >(int, at::native::FillFunctor<int>, std::array<char*, 1ul>) [clone .kd]",1,0,72,14204,14204,4194304,256,0,0,12,4,32,64,0x0,0x74f8dac2e300,65536,838391,720896,0
63,"matmul(std::bfloat16_t*, std::bfloat16_t*, float*) [clone .kd]",1,0,74,14204,14204,1048576,256,32768,0,68,4,32,64,0x0,0x750209078600,16384,31265562,45432832,33554432
64,"void at::native::vectorized_elementwise_kernel<4, at::native::FillFunctor<int>, std::array<char*, 1ul> >(int, at::native::FillFunctor<int>, std::array<char*, 1ul>) [clone .kd]",1,0,76,14204,14204,4194304,256,0,0,12,4,32,64,0x0,0x74f8dac2e300,65536,840993,720896,0
65,"matmul(std::bfloat16_t*, std::bfloat16_t*, float*) [clone .kd]",1,0,78,14204,14204,1048576,256,32768,0,68,4,32,64,0x0,0x750209078600,16384,29960368,45432832,33554432
66,"void at::native::vectorized_elementwise_kernel<4, at::native::FillFunctor<int>, std::array<char*, 1ul> >(int, at::native::FillFunctor<int>, std::array<char*, 1ul>) [clone .kd]",1,0,80,14204,14204,4194304,256,0,0,12,4,32,64,0x0,0x74f8dac2e300,65536,816667,720896,0
67,"matmul(std::bfloat16_t*, std::bfloat16_t*, float*) [clone .kd]",1,0,82,14204,14204,1048576,256,32768,0,68,4,32,64,0x0,0x750209078600,16384,30715297,45432832,33554432
68,"void at::native::vectorized_elementwise_kernel<4, at::native::FillFunctor<int>, std::array<char*, 1ul> >(int, at::native::FillFunctor<int>, std::array<char*, 1ul>) [clone .kd]",1,0,84,14204,14204,4194304,256,0,0,12,4,32,64,0x0,0x74f8dac2e300,65536,817195,720896,0
69,"matmul(std::bfloat16_t*, std::bfloat16_t*, float*) [clone .kd]",1,0,86,14204,14204,1048576,256,32768,0,68,4,32,64,0x0,0x750209078600,16384,31614782,45432832,33554432
70,"void at::native::vectorized_elementwise_kernel<4, at::native::FillFunctor<int>, std::array<char*, 1ul> >(int, at::native::FillFunctor<int>, std::array<char*, 1ul>) [clone .kd]",1,0,88,14204,14204,4194304,256,0,0,12,4,32,64,0x0,0x74f8dac2e300,65536,849302,720896,0
71,"matmul(std::bfloat16_t*, std::bfloat16_t*, float*) [clone .kd]",1,0,90,14204,14204,1048576,256,32768,0,68,4,32,64,0x0,0x750209078600,16384,30965901,45432832,33554432
72,"void at::native::vectorized_elementwise_kernel<4, at::native::FillFunctor<int>, std::array<char*, 1ul> >(int, at::native::FillFunctor<int>, std::array<char*, 1ul>) [clone .kd]",1,0,92,14204,14204,4194304,256,0,0,12,4,32,64,0x0,0x74f8dac2e300,65536,833423,720896,0
73,"matmul(std::bfloat16_t*, std::bfloat16_t*, float*) [clone .kd]",1,0,94,14204,14204,1048576,256,32768,0,68,4,32,64,0x0,0x750209078600,16384,30752766,45432832,33554432
74,"void at::native::vectorized_elementwise_kernel<4, at::native::FillFunctor<int>, std::array<char*, 1ul> >(int, at::native::FillFunctor<int>, std::array<char*, 1ul>) [clone .kd]",1,0,96,14204,14204,4194304,256,0,0,12,4,32,64,0x0,0x74f8dac2e300,65536,845125,720896,0
75,"matmul(std::bfloat16_t*, std::bfloat16_t*, float*) [clone .kd]",1,0,98,14204,14204,1048576,256,32768,0,68,4,32,64,0x0,0x750209078600,16384,30435565,45432832,33554432
76,"void at::native::vectorized_elementwise_kernel<4, at::native::FillFunctor<int>, std::array<char*, 1ul> >(int, at::native::FillFunctor<int>, std::array<char*, 1ul>) [clone .kd]",1,0,100,14204,14204,4194304,256,0,0,12,4,32,64,0x0,0x74f8dac2e300,65536,835950,720896,0
77,"matmul(std::bfloat16_t*, std::bfloat16_t*, float*) [clone .kd]",1,0,102,14204,14204,1048576,256,32768,0,68,4,32,64,0x0,0x750209078600,16384,30410024,45432832,33554432
78,"void at::native::vectorized_elementwise_kernel<4, at::native::FillFunctor<int>, std::array<char*, 1ul> >(int, at::native::FillFunctor<int>, std::array<char*, 1ul>) [clone .kd]",1,0,104,14204,14204,4194304,256,0,0,12,4,32,64,0x0,0x74f8dac2e300,65536,838009,720896,0
79,"matmul(std::bfloat16_t*, std::bfloat16_t*, float*) [clone .kd]",1,0,106,14204,14204,1048576,256,32768,0,68,4,32,64,0x0,0x750209078600,16384,30434533,45432832,33554432
80,"void at::native::vectorized_elementwise_kernel<4, at::native::FillFunctor<int>, std::array<char*, 1ul> >(int, at::native::FillFunctor<int>, std::array<char*, 1ul>) [clone .kd]",1,0,108,14204,14204,4194304,256,0,0,12,4,32,64,0x0,0x74f8dac2e300,65536,823269,720896,0
81,"matmul(std::bfloat16_t*, std::bfloat16_t*, float*) [clone .kd]",1,0,110,14204,14204,1048576,256,32768,0,68,4,32,64,0x0,0x750209078600,16384,31758529,45432832,33554432
82,"void at::native::vectorized_elementwise_kernel<4, at::native::FillFunctor<int>, std::array<char*, 1ul> >(int, at::native::FillFunctor<int>, std::array<char*, 1ul>) [clone .kd]",1,0,112,14204,14204,4194304,256,0,0,12,4,32,64,0x0,0x74f8dac2e300,65536,830567,720896,0
83,"matmul(std::bfloat16_t*, std::bfloat16_t*, float*) [clone .kd]",1,0,114,14204,14204,1048576,256,32768,0,68,4,32,64,0x0,0x750209078600,16384,30822357,45432832,33554432
84,"void at::native::vectorized_elementwise_kernel<4, at::native::FillFunctor<int>, std::array<char*, 1ul> >(int, at::native::FillFunctor<int>, std::array<char*, 1ul>) [clone .kd]",1,0,116,14204,14204,4194304,256,0,0,12,4,32,64,0x0,0x74f8dac2e300,65536,822993,720896,0
85,"matmul(std::bfloat16_t*, std::bfloat16_t*, float*) [clone .kd]",1,0,118,14204,14204,1048576,256,32768,0,68,4,32,64,0x0,0x750209078600,16384,32077051,45432832,33554432
86,"void at::native::vectorized_elementwise_kernel<4, at::native::FillFunctor<int>, std::array<char*, 1ul> >(int, at::native::FillFunctor<int>, std::array<char*, 1ul>) [clone .kd]",1,0,120,14204,14204,4194304,256,0,0,12,4,32,64,0x0,0x74f8dac2e300,65536,875405,720896,0
87,"matmul(std::bfloat16_t*, std::bfloat16_t*, float*) [clone .kd]",1,0,122,14204,14204,1048576,256,32768,0,68,4,32,64,0x0,0x750209078600,16384,32772406,45432832,33554432
88,"void at::native::vectorized_elementwise_kernel<4, at::native::FillFunctor<int>, std::array<char*, 1ul> >(int, at::native::FillFunctor<int>, std::array<char*, 1ul>) [clone .kd]",1,0,124,14204,14204,4194304,256,0,0,12,4,32,64,0x0,0x74f8dac2e300,65536,842488,720896,0
89,"matmul(std::bfloat16_t*, std::bfloat16_t*, float*) [clone .kd]",1,0,126,14204,14204,1048576,256,32768,0,68,4,32,64,0x0,0x750209078600,16384,30439486,45432832,33554432
90,"void at::native::vectorized_elementwise_kernel<4, at::native::FillFunctor<int>, std::array<char*, 1ul> >(int, at::native::FillFunctor<int>, std::array<char*, 1ul>) [clone .kd]",1,0,128,14204,14204,4194304,256,0,0,12,4,32,64,0x0,0x74f8dac2e300,65536,872606,720896,0
91,"matmul(std::bfloat16_t*, std::bfloat16_t*, float*) [clone .kd]",1,0,130,14204,14204,1048576,256,32768,0,68,4,32,64,0x0,0x750209078600,16384,30302633,45432832,33554432
92,"void at::native::vectorized_elementwise_kernel<4, at::native::FillFunctor<int>, std::array<char*, 1ul> >(int, at::native::FillFunctor<int>, std::array<char*, 1ul>) [clone .kd]",1,0,132,14204,14204,4194304,256,0,0,12,4,32,64,0x0,0x74f8dac2e300,65536,852851,720896,0
93,"matmul(std::bfloat16_t*, std::bfloat16_t*, float*) [clone .kd]",1,0,134,14204,14204,1048576,256,32768,0,68,4,32,64,0x0,0x750209078600,16384,32122168,45432832,33554432
94,"void at::native::vectorized_elementwise_kernel<4, at::native::FillFunctor<int>, std::array<char*, 1ul> >(int, at::native::FillFunctor<int>, std::array<char*, 1ul>) [clone .kd]",1,0,136,14204,14204,4194304,256,0,0,12,4,32,64,0x0,0x74f8dac2e300,65536,850885,720896,0
95,"matmul(std::bfloat16_t*, std::bfloat16_t*, float*) [clone .kd]",1,0,138,14204,14204,1048576,256,32768,0,68,4,32,64,0x0,0x750209078600,16384,31460705,45432832,33554432
96,"void at::native::vectorized_elementwise_kernel<4, at::native::FillFunctor<int>, std::array<char*, 1ul> >(int, at::native::FillFunctor<int>, std::array<char*, 1ul>) [clone .kd]",1,0,140,14204,14204,4194304,256,0,0,12,4,32,64,0x0,0x74f8dac2e300,65536,836144,720896,0
97,"matmul(std::bfloat16_t*, std::bfloat16_t*, float*) [clone .kd]",1,0,142,14204,14204,1048576,256,32768,0,68,4,32,64,0x0,0x750209078600,16384,29685917,45432832,33554432
98,"void at::native::vectorized_elementwise_kernel<4, at::native::FillFunctor<int>, std::array<char*, 1ul> >(int, at::native::FillFunctor<int>, std::array<char*, 1ul>) [clone .kd]",1,0,144,14204,14204,4194304,256,0,0,12,4,32,64,0x0,0x74f8dac2e300,65536,834113,720896,0
99,"matmul(std::bfloat16_t*, std::bfloat16_t*, float*) [clone .kd]",1,0,146,14204,14204,1048576,256,32768,0,68,4,32,64,0x0,0x750209078600,16384,30010301,45432832,33554432
100,"void at::native::vectorized_elementwise_kernel<4, at::native::FillFunctor<int>, std::array<char*, 1ul> >(int, at::native::FillFunctor<int>, std::array<char*, 1ul>) [clone .kd]",1,0,148,14204,14204,4194304,256,0,0,12,4,32,64,0x0,0x74f8dac2e300,65536,864279,720896,0
101,"matmul(std::bfloat16_t*, std::bfloat16_t*, float*) [clone .kd]",1,0,150,14204,14204,1048576,256,32768,0,68,4,32,64,0x0,0x750209078600,16384,30610625,45432832,33554432
102,"void at::native::vectorized_elementwise_kernel<4, at::native::FillFunctor<int>, std::array<char*, 1ul> >(int, at::native::FillFunctor<int>, std::array<char*, 1ul>) [clone .kd]",1,0,152,14204,14204,4194304,256,0,0,12,4,32,64,0x0,0x74f8dac2e300,65536,846154,720896,0
103,"matmul(std::bfloat16_t*, std::bfloat16_t*, float*) [clone .kd]",1,0,154,14204,14204,1048576,256,32768,0,68,4,32,64,0x0,0x750209078600,16384,31230134,45432832,33554432
104,"void at::native::vectorized_elementwise_kernel<4, at::native::FillFunctor<int>, std::array<char*, 1ul> >(int, at::native::FillFunctor<int>, std::array<char*, 1ul>) [clone .kd]",1,0,156,14204,14204,4194304,256,0,0,12,4,32,64,0x0,0x74f8dac2e300,65536,846650,720896,0
105,"matmul(std::bfloat16_t*, std::bfloat16_t*, float*) [clone .kd]",1,0,158,14204,14204,1048576,256,32768,0,68,4,32,64,0x0,0x750209078600,16384,31132088,45432832,33554432
106,"void at::native::vectorized_elementwise_kernel<4, at::native::FillFunctor<int>, std::array<char*, 1ul> >(int, at::native::FillFunctor<int>, std::array<char*, 1ul>) [clone .kd]",1,0,160,14204,14204,4194304,256,0,0,12,4,32,64,0x0,0x74f8dac2e300,65536,865130,720896,0
107,"matmul(std::bfloat16_t*, std::bfloat16_t*, float*) [clone .kd]",1,0,162,14204,14204,1048576,256,32768,0,68,4,32,64,0x0,0x750209078600,16384,30624920,45432832,33554432
108,"void at::native::vectorized_elementwise_kernel<4, at::native::FillFunctor<int>, std::array<char*, 1ul> >(int, at::native::FillFunctor<int>, std::array<char*, 1ul>) [clone .kd]",1,0,164,14204,14204,4194304,256,0,0,12,4,32,64,0x0,0x74f8dac2e300,65536,850918,720896,0
109,"matmul(std::bfloat16_t*, std::bfloat16_t*, float*) [clone .kd]",1,0,166,14204,14204,1048576,256,32768,0,68,4,32,64,0x0,0x750209078600,16384,30926467,45432832,33554432
110,"void at::native::vectorized_elementwise_kernel<4, at::native::FillFunctor<int>, std::array<char*, 1ul> >(int, at::native::FillFunctor<int>, std::array<char*, 1ul>) [clone .kd]",1,0,168,14204,14204,4194304,256,0,0,12,4,32,64,0x0,0x74f8dac2e300,65536,856172,720896,0
111,"matmul(std::bfloat16_t*, std::bfloat16_t*, float*) [clone .kd]",1,0,170,14204,14204,1048576,256,32768,0,68,4,32,64,0x0,0x750209078600,16384,31022614,45432832,33554432
112,"void at::native::vectorized_elementwise_kernel<4, at::native::FillFunctor<int>, std::array<char*, 1ul> >(int, at::native::FillFunctor<int>, std::array<char*, 1ul>) [clone .kd]",1,0,172,14204,14204,4194304,256,0,0,12,4,32,64,0x0,0x74f8dac2e300,65536,837456,720896,0
113,"matmul(std::bfloat16_t*, std::bfloat16_t*, float*) [clone .kd]",1,0,174,14204,14204,1048576,256,32768,0,68,4,32,64,0x0,0x750209078600,16384,32226021,45432832,33554432
114,"void at::native::vectorized_elementwise_kernel<4, at::native::FillFunctor<int>, std::array<char*, 1ul> >(int, at::native::FillFunctor<int>, std::array<char*, 1ul>) [clone .kd]",1,0,176,14204,14204,4194304,256,0,0,12,4,32,64,0x0,0x74f8dac2e300,65536,827949,720896,0
115,"matmul(std::bfloat16_t*, std::bfloat16_t*, float*) [clone .kd]",1,0,178,14204,14204,1048576,256,32768,0,68,4,32,64,0x0,0x750209078600,16384,30838816,45432832,33554432
116,"void at::native::vectorized_elementwise_kernel<4, at::native::FillFunctor<int>, std::array<char*, 1ul> >(int, at::native::FillFunctor<int>, std::array<char*, 1ul>) [clone .kd]",1,0,180,14204,14204,4194304,256,0,0,12,4,32,64,0x0,0x74f8dac2e300,65536,839450,720896,0
117,"matmul(std::bfloat16_t*, std::bfloat16_t*, float*) [clone .kd]",1,0,182,14204,14204,1048576,256,32768,0,68,4,32,64,0x0,0x750209078600,16384,30658503,45432832,33554432
118,"void at::native::vectorized_elementwise_kernel<4, at::native::FillFunctor<int>, std::array<char*, 1ul> >(int, at::native::FillFunctor<int>, std::array<char*, 1ul>) [clone .kd]",1,0,184,14204,14204,4194304,256,0,0,12,4,32,64,0x0,0x74f8dac2e300,65536,852123,720896,0
119,"matmul(std::bfloat16_t*, std::bfloat16_t*, float*) [clone .kd]",1,0,186,14204,14204,1048576,256,32768,0,68,4,32,64,0x0,0x750209078600,16384,31159383,45432832,33554432
120,"void at::native::vectorized_elementwise_kernel<4, at::native::FillFunctor<int>, std::array<char*, 1ul> >(int, at::native::FillFunctor<int>, std::array<char*, 1ul>) [clone .kd]",1,0,188,14204,14204,4194304,256,0,0,12,4,32,64,0x0,0x74f8dac2e300,65536,834908,720896,0
121,"matmul(std::bfloat16_t*, std::bfloat16_t*, float*) [clone .kd]",1,0,190,14204,14204,1048576,256,32768,0,68,4,32,64,0x0,0x750209078600,16384,30306650,45432832,33554432
122,"void at::native::vectorized_elementwise_kernel<4, at::native::FillFunctor<int>, std::array<char*, 1ul> >(int, at::native::FillFunctor<int>, std::array<char*, 1ul>) [clone .kd]",1,0,192,14204,14204,4194304,256,0,0,12,4,32,64,0x0,0x74f8dac2e300,65536,810814,720896,0
123,"matmul(std::bfloat16_t*, std::bfloat16_t*, float*) [clone .kd]",1,0,194,14204,14204,1048576,256,32768,0,68,4,32,64,0x0,0x750209078600,16384,29386037,45432832,33554432
124,"void at::native::vectorized_elementwise_kernel<4, at::native::FillFunctor<int>, std::array<char*, 1ul> >(int, at::native::FillFunctor<int>, std::array<char*, 1ul>) [clone .kd]",1,0,196,14204,14204,4194304,256,0,0,12,4,32,64,0x0,0x74f8dac2e300,65536,839331,720896,0
125,"matmul(std::bfloat16_t*, std::bfloat16_t*, float*) [clone .kd]",1,0,198,14204,14204,1048576,256,32768,0,68,4,32,64,0x0,0x750209078600,16384,29430766,45432832,33554432
126,"void at::native::vectorized_elementwise_kernel<4, at::native::FillFunctor<int>, std::array<char*, 1ul> >(int, at::native::FillFunctor<int>, std::array<char*, 1ul>) [clone .kd]",1,0,200,14204,14204,4194304,256,0,0,12,4,32,64,0x0,0x74f8dac2e300,65536,834977,720896,0
127,"matmul(std::bfloat16_t*, std::bfloat16_t*, float*) [clone .kd]",1,0,202,14204,14204,1048576,256,32768,0,68,4,32,64,0x0,0x750209078600,16384,31002263,45432832,33554432
128,"void at::native::vectorized_elementwise_kernel<4, at::native::FillFunctor<int>, std::array<char*, 1ul> >(int, at::native::FillFunctor<int>, std::array<char*, 1ul>) [clone .kd]",1,0,204,14204,14204,4194304,256,0,0,12,4,32,64,0x0,0x74f8dac2e300,65536,810702,720896,0
129,"matmul(std::bfloat16_t*, std::bfloat16_t*, float*) [clone .kd]",1,0,206,14204,14204,1048576,256,32768,0,68,4,32,64,0x0,0x750209078600,16384,31351890,45432832,33554432
130,"void at::native::vectorized_elementwise_kernel<4, at::native::FillFunctor<int>, std::array<char*, 1ul> >(int, at::native::FillFunctor<int>, std::array<char*, 1ul>) [clone .kd]",1,0,208,14204,14204,4194304,256,0,0,12,4,32,64,0x0,0x74f8dac2e300,65536,844292,720896,0
131,"matmul(std::bfloat16_t*, std::bfloat16_t*, float*) [clone .kd]",1,0,210,14204,14204,1048576,256,32768,0,68,4,32,64,0x0,0x750209078600,16384,29971299,45432832,33554432
132,"void at::native::vectorized_elementwise_kernel<4, at::native::FillFunctor<int>, std::array<char*, 1ul> >(int, at::native::FillFunctor<int>, std::array<char*, 1ul>) [clone .kd]",1,0,212,14204,14204,4194304,256,0,0,12,4,32,64,0x0,0x74f8dac2e300,65536,835110,720896,0
133,"matmul(std::bfloat16_t*, std::bfloat16_t*, float*) [clone .kd]",1,0,214,14204,14204,1048576,256,32768,0,68,4,32,64,0x0,0x750209078600,16384,29864319,45432832,33554432
134,"void at::native::vectorized_elementwise_kernel<4, at::native::FillFunctor<int>, std::array<char*, 1ul> >(int, at::native::FillFunctor<int>, std::array<char*, 1ul>) [clone .kd]",1,0,216,14204,14204,4194304,256,0,0,12,4,32,64,0x0,0x74f8dac2e300,65536,856040,720896,0
135,"matmul(std::bfloat16_t*, std::bfloat16_t*, float*) [clone .kd]",1,0,218,14204,14204,1048576,256,32768,0,68,4,32,64,0x0,0x750209078600,16384,30651221,45432832,33554432
136,"void at::native::vectorized_elementwise_kernel<4, at::native::FillFunctor<int>, std::array<char*, 1ul> >(int, at::native::FillFunctor<int>, std::array<char*, 1ul>) [clone .kd]",1,0,220,14204,14204,4194304,256,0,0,12,4,32,64,0x0,0x74f8dac2e300,65536,866472,720896,0
137,"matmul(std::bfloat16_t*, std::bfloat16_t*, float*) [clone .kd]",1,0,222,14204,14204,1048576,256,32768,0,68,4,32,64,0x0,0x750209078600,16384,30367591,45432832,33554432
138,"void at::native::vectorized_elementwise_kernel<4, at::native::FillFunctor<int>, std::array<char*, 1ul> >(int, at::native::FillFunctor<int>, std::array<char*, 1ul>) [clone .kd]",1,0,224,14204,14204,4194304,256,0,0,12,4,32,64,0x0,0x74f8dac2e300,65536,845588,720896,0
139,"matmul(std::bfloat16_t*, std::bfloat16_t*, float*) [clone .kd]",1,0,226,14204,14204,1048576,256,32768,0,68,4,32,64,0x0,0x750209078600,16384,30765613,45432832,33554432
